{
  "version": "modelo_diabetes_v20260518_093254.joblib",
  "timestamp": "20260518_093254",
  "n_muestras": 50000,
  "use_knn": true,
  "use_smote": true,
  "semilla": 42,
  "mejor_modelo": "gbm",
  "mejor_modelo_por_roc_auc": "gbm",
  "mejor_modelo_por_pr_auc": "gbm",
  "modelos": {
    "svm": {
      "nombre_modelo": "svm",
      "roc_auc": 0.8269459076107808,
      "pr_auc": 0.4142698158841036,
      "sensibilidad": 0.778421433743664,
      "especificidad": 0.7260703097807171,
      "f1_clase_positiva": 0.4463358937097779,
      "brier_score": 0.1702914008415432,
      "accuracy": 0.7333,
      "matriz_confusion": [
        [
          6258,
          2361
        ],
        [
          306,
          1075
        ]
      ]
    },
    "arbol": {
      "nombre_modelo": "arbol",
      "roc_auc": 0.7873905964787056,
      "pr_auc": 0.3223231218075905,
      "sensibilidad": 0.5365677045619116,
      "especificidad": 0.8207448659937348,
      "f1_clase_positiva": 0.40414507772020725,
      "brier_score": 0.15411264475994274,
      "accuracy": 0.7815,
      "matriz_confusion": [
        [
          7074,
          1545
        ],
        [
          640,
          741
        ]
      ]
    },
    "gbm": {
      "nombre_modelo": "gbm",
      "roc_auc": 0.8269572074359739,
      "pr_auc": 0.41472840892765545,
      "sensibilidad": 0.3787110789283128,
      "especificidad": 0.9294581738020652,
      "f1_clase_positiva": 0.4164012738853503,
      "brier_score": 0.1033062920717362,
      "accuracy": 0.8534,
      "matriz_confusion": [
        [
          8011,
          608
        ],
        [
          858,
          523
        ]
      ]
    },
    "mlp": {
      "nombre_modelo": "mlp",
      "roc_auc": 0.7776224226842017,
      "pr_auc": 0.34791770578584347,
      "sensibilidad": 0.43229543808834175,
      "especificidad": 0.8873419190161271,
      "f1_clase_positiva": 0.40488301119023395,
      "brier_score": 0.12523875517833988,
      "accuracy": 0.8245,
      "matriz_confusion": [
        [
          7648,
          971
        ],
        [
          784,
          597
        ]
      ]
    }
  },
  "desbalance": {
    "ratio": 6.242178447276941,
    "pct_clase_0": 0.86192,
    "pct_clase_1": 0.13808,
    "recomendacion": "class_weight"
  },
  "ruta_modelo_versionado": "/workspaces/Diasgnostico-pred/resultados/corrida_50k/modelo_diabetes_v20260518_093254.joblib"
}